{
  "Delete Book" : {
    "transaction" : "Delete Book",
    "sampleCount" : 181,
    "errorCount" : 0,
    "errorPct" : 0.0,
    "meanResTime" : 32.53591160220996,
    "medianResTime" : 32.0,
    "minResTime" : 29.0,
    "maxResTime" : 56.0,
    "pct1ResTime" : 35.0,
    "pct2ResTime" : 36.0,
    "pct3ResTime" : 46.980000000000075,
    "throughput" : 20.16488413547237,
    "receivedKBytesPerSec" : 4.155068899008467,
    "sentKBytesPerSec" : 4.926984110405526
  },
  "Get Books" : {
    "transaction" : "Get Books",
    "sampleCount" : 182,
    "errorCount" : 0,
    "errorPct" : 0.0,
    "meanResTime" : 51.93406593406592,
    "medianResTime" : 43.5,
    "minResTime" : 36.0,
    "maxResTime" : 735.0,
    "pct1ResTime" : 49.0,
    "pct2ResTime" : 55.849999999999994,
    "pct3ResTime" : 531.6499999999969,
    "throughput" : 18.560065266163573,
    "receivedKBytesPerSec" : 1767.4692750293189,
    "sentKBytesPerSec" : 2.7912598154191315
  },
  "Total" : {
    "transaction" : "Total",
    "sampleCount" : 726,
    "errorCount" : 0,
    "errorPct" : 0.0,
    "meanResTime" : 39.327823691460026,
    "medianResTime" : 35.5,
    "minResTime" : 29.0,
    "maxResTime" : 735.0,
    "pct1ResTime" : 46.0,
    "pct2ResTime" : 48.0,
    "pct3ResTime" : 95.11000000000013,
    "throughput" : 73.62336477030728,
    "receivedKBytesPerSec" : 1779.4013546103336,
    "sentKBytesPerSec" : 14.419968816550044
  },
  "Get Book" : {
    "transaction" : "Get Book",
    "sampleCount" : 181,
    "errorCount" : 0,
    "errorPct" : 0.0,
    "meanResTime" : 40.099447513812144,
    "medianResTime" : 39.0,
    "minResTime" : 33.0,
    "maxResTime" : 99.0,
    "pct1ResTime" : 45.0,
    "pct2ResTime" : 47.900000000000006,
    "pct3ResTime" : 97.36000000000001,
    "throughput" : 20.01326846528085,
    "receivedKBytesPerSec" : 14.485929034442723,
    "sentKBytesPerSec" : 3.129016820544007
  },
  "Post Book" : {
    "transaction" : "Post Book",
    "sampleCount" : 182,
    "errorCount" : 0,
    "errorPct" : 0.0,
    "meanResTime" : 32.708791208791204,
    "medianResTime" : 31.0,
    "minResTime" : 29.0,
    "maxResTime" : 75.0,
    "pct1ResTime" : 36.0,
    "pct2ResTime" : 38.0,
    "pct3ResTime" : 57.56999999999974,
    "throughput" : 19.93646620659437,
    "receivedKBytesPerSec" : 5.100931783327857,
    "sentKBytesPerSec" : 4.633670856610801
  }
}